{"accuracy": [0.282282292842865, 0.4277402460575104, 0.5026651620864868, 0.5608108043670654, 0.5997747778892517], "loss": [3.256636142730713, 2.0046257972717285, 1.7340549230575562, 1.5231109857559204, 1.3780819177627563], "val_accuracy": [0.553398072719574, 0.6384922862052917, 0.689891517162323, 0.6961736083030701, 0.7292975187301636], "val_loss": [2.0270650386810303, 1.4898509979248047, 1.3216986656188965, 1.113040566444397, 0.956294596195221]}