{"accuracy": [0.21674174070358276, 0.4100600481033325, 0.5337837934494019, 0.6216216087341309, 0.6961336135864258], "loss": [3.281869649887085, 2.0602195262908936, 1.5942038297653198, 1.2902940511703491, 1.0374841690063477], "val_accuracy": [0.38149628043174744, 0.5842375755310059, 0.7007424235343933, 0.797258734703064, 0.839520275592804], "val_loss": [2.226872205734253, 1.5244969129562378, 1.0648932456970215, 0.7454688549041748, 0.5482932925224304]}