{"accuracy": [0.3129879832267761, 0.4912162125110626, 0.5926426649093628, 0.6644519567489624, 0.7277402281761169], "loss": [2.672417402267456, 1.7933164834976196, 1.425157904624939, 1.1666730642318726, 0.9277932047843933], "val_accuracy": [0.5653911828994751, 0.6687607169151306, 0.75613933801651, 0.8343803286552429, 0.8298115134239197], "val_loss": [1.8037548065185547, 1.1869608163833618, 0.8690643310546875, 0.6029699444770813, 0.5968064069747925]}