{"accuracy": [0.3373873829841614, 0.5731981992721558, 0.7190315127372742, 0.8196321129798889, 0.8754129409790039, 0.9066441655158997], "loss": [2.7090625762939453, 1.5045286417007446, 0.9722162485122681, 0.6313477158546448, 0.43183937668800354, 0.3251064121723175], "val_accuracy": [0.5859509110450745, 0.7687035799026489, 0.8623643517494202, 0.8252426981925964, 0.8675042986869812, 0.8469446301460266], "val_loss": [1.613329529762268, 0.8381852507591248, 0.5379529595375061, 0.6476737260818481, 0.5058603286743164, 0.598979115486145]}